personUUID,lastName,firstName,phoneNumber,emails
9d089b3c-ceab-4097-8958-537bf8fd1f54,Gerrie,Bridgette,779-697-5503,bgerrie0@posterous.com
52f75456-370c-4a8e-9c38-fc248d7aa790,McCaughan,Johanna,608-936-1917,jmccaughan1@posterous.com
cc1b8246-22a4-42f5-971e-bc2eecbc2f88,Penright,Rutledge,801-668-7583,
6cf3cda3-20e5-463d-897d-1e8480dd5a86,Reditt,Kingsley,973-856-9533,kreditt3@cargocollective.com
d6d18210-43c4-4658-878f-a1e2538ad198,Tresler,Mahalia,284-518-6113,mtresler4@jimdo.com
90a46b27-19e4-4a6b-9b81-c07dfbabc2e9,Ramble,Phillis,963-858-6790,pramble5@amazon.de
8e8a58dd-5631-447d-992b-5585d22d5c47,Barbier,Fallon,816-606-8850,
16b71f78-27b1-47a3-a370-cfe1721aee96,Abrahami,Melva,948-352-7284,mabrahami7@list-manage.com
b98dbd4d-216d-44ba-95dc-7136b8321659,Nelthorp,Cordy,904-621-1294,cnelthorp8@foxnews.com
2dd6ba52-0088-41c8-ae88-bf973ef851bf,Blesh,Todd,402-949-5843,blesh@gmail.com,ToddTheMan@coolsville.com,ToddBlesh@huskers.unl.edu,BleshT@mcuedu.nu